{
  "epochs": [
    1,
    2,
    3,
    4,
    5,
    6,
    7,
    8,
    9,
    10
  ],
  "train_accuracy": [
    0.4468260327635328,
    0.4874465811965812,
    0.5064770299145299,
    0.5213230056980057,
    0.5463185541310541,
    0.5593171296296297,
    0.5740295584045584,
    0.5765669515669516,
    0.5872507122507122,
    0.5854923433048433
  ],
  "val_accuracy": [
    0.4330078125,
    0.4701171875,
    0.464453125,
    0.4822265625,
    0.4859375,
    0.4974609375,
    0.49375,
    0.4865234375,
    0.4955078125,
    0.494921875
  ],
  "test_accuracy": 0.4915941455696203
}