{
  "epochs": [
    1,
    2,
    3,
    4,
    5,
    6,
    7,
    8,
    9,
    10
  ],
  "train_accuracy": [
    0.4494301994301994,
    0.4779202279202279,
    0.5046964031339032,
    0.5166933760683761,
    0.5289351851851852,
    0.5443153490028491,
    0.5480101495726496,
    0.5607638888888888,
    0.562232905982906,
    0.5750311609686609
  ],
  "val_accuracy": [
    0.438671875,
    0.45546875,
    0.466796875,
    0.4716796875,
    0.486328125,
    0.5029296875,
    0.487109375,
    0.4859375,
    0.4947265625,
    0.5078125
  ],
  "test_accuracy": 0.5040545886075949
}